,count,mean,std,min,25%,50%,75%,max,missing_pct
dow_0,360.0,0.11944444444444445,0.32476213231753825,0.0,0.0,0.0,0.0,1.0,0.0
dow_1,360.0,0.23333333333333334,0.42354124548800026,0.0,0.0,0.0,0.0,1.0,0.0
week_of_month,360.0,2.772222222222222,1.2548759743199367,1.0,2.0,3.0,4.0,5.0,0.0
quarter_4,360.0,0.20833333333333334,0.4066816594645581,0.0,0.0,0.0,0.0,1.0,0.0
month_10,360.0,0.06388888888888888,0.24489526813580523,0.0,0.0,0.0,0.0,1.0,0.0
month_7,360.0,0.10833333333333334,0.3112335060121644,0.0,0.0,0.0,0.0,1.0,0.0
month_2,360.0,0.06388888888888888,0.24489526813580528,0.0,0.0,0.0,0.0,1.0,0.0
month_4,360.0,0.08055555555555556,0.2725301286090962,0.0,0.0,0.0,0.0,1.0,0.0
is_quarter_end,360.0,0.08888888888888889,0.2849793793818365,0.0,0.0,0.0,0.0,1.0,0.0
dow_3,360.0,0.225,0.41816351375267463,0.0,0.0,0.0,0.0,1.0,0.0
regime_duration,360.0,2.6305555555555555,3.194643797690044,1.0,1.0,1.0,3.0,19.0,0.0
frac_diff_0.4,360.0,-33.988104612505104,555.5243047347064,-1441.3954416429722,-109.90409008610146,-49.3095357506714,-27.17434763147383,1434.2668722543385,0.0
is_month_end,360.0,0.2222222222222222,0.4163183316468817,0.0,0.0,0.0,0.0,1.0,0.0
dow_4,360.0,0.18055555555555555,0.38518486278744374,0.0,0.0,0.0,0.0,1.0,0.0
regime_transition,360.0,0.5722222222222222,0.4954450525153121,0.0,0.0,1.0,1.0,1.0,0.0
days_to_fomc,360.0,868.5666666666667,253.33035452483165,447.0,648.25,886.0,1078.25,1343.0,0.0
month_12,360.0,0.08888888888888889,0.2849793793818365,0.0,0.0,0.0,0.0,1.0,0.0
quarter_2,360.0,0.24444444444444444,0.4303554561429453,0.0,0.0,0.0,0.0,1.0,0.0
month_9,360.0,0.10277777777777777,0.3040910572386847,0.0,0.0,0.0,0.0,1.0,0.0
month_11,360.0,0.05555555555555555,0.22938022884305354,0.0,0.0,0.0,0.0,1.0,0.0
month_8,360.0,0.12222222222222222,0.32799815808225874,0.0,0.0,0.0,0.0,1.0,0.0
month_6,360.0,0.06111111111111111,0.23986739346984093,0.0,0.0,0.0,0.0,1.0,0.0
days_to_expiry,360.0,13.941666666666666,9.337344525373117,0.0,7.0,14.0,22.25,32.0,0.0
seasonal_ramadan,360.0,0.17777777777777778,0.3828576839898007,0.0,0.0,0.0,0.0,1.0,0.0
seasonal_q4,360.0,0.20833333333333334,0.4066816594645581,0.0,0.0,0.0,0.0,1.0,0.0
month_1,360.0,0.05277777777777778,0.22390073296767082,0.0,0.0,0.0,0.0,1.0,0.0
month_3,360.0,0.09722222222222222,0.2966724567262795,0.0,0.0,0.0,0.0,1.0,0.0
month_5,360.0,0.10277777777777777,0.3040910572386847,0.0,0.0,0.0,0.0,1.0,0.0
quarter_1,360.0,0.21388888888888888,0.41062000663428977,0.0,0.0,0.0,0.0,1.0,0.0
dow_2,360.0,0.24166666666666667,0.4286891335910591,0.0,0.0,0.0,0.0,1.0,0.0
quarter_3,360.0,0.3333333333333333,0.47206061647498304,0.0,0.0,0.0,1.0,1.0,0.0
rolling_mean_5,360.0,1151.391778700087,572.7241104986811,152.98799743652344,683.3720062255859,1211.1020141601562,1617.6805038452148,2434.77998046875,0.0
zscore_5,360.0,-0.01142508352013187,0.9552890150166152,-1.7888230272426708,-0.7312220513011634,0.3299864087297957,0.7361272203008238,1.7888541259287813,0.0
drawdown_5,360.0,-0.3614870456246782,0.44145882095249483,-0.9112864099460201,-0.9073153977144586,-0.013273409406574978,-0.000846360949491528,0.0,0.0
amihud_5,360.0,161854691.76455832,1768083615.8151636,4.886028147349439e-10,3.261936331064061e-05,0.005011720769902171,0.030432266518035673,19422563006.98899,0.0
beta_DCOILWTICO_5,360.0,0.018475210323524255,1.9094561471080231,-6.684012155710051,-0.7432115739279308,0.0006720007862559675,0.5340796566911282,8.337648059072608,0.0
autocorr_5_lag1,360.0,-0.33169106411317445,0.3732331773322589,-0.9999882389302497,-0.5592322103101237,-0.3603652073570302,-0.2568354131155599,0.9577684095257065,0.0
rolling_std_5,360.0,3.3574535269994725,2.2112936886834875,0.002792210443773956,0.4065484259574541,4.480796714168301,4.614943524494739,5.823822817064363,0.0
beta_FEDFUNDS_5,360.0,-0.0759130965617844,6.934507551137337,-40.95781205255129,-4.440892098500626e-05,-4.163336342344337e-05,-2.220446049250313e-05,109.03070837186888,0.0
beta_DGS2_5,360.0,-1.451242417087225,49.614629094624625,-267.9246655838589,-13.478238315720397,-0.03348392953882594,8.43836472645962,265.2995397865918,0.0
corr_DTWEXBGS_5,360.0,-0.023988175000478326,0.4440017699152561,-0.9727467242636124,-0.35683308521115925,-0.0379745221075466,0.2917910550880861,0.9573707925528135,0.0
beta_DTWEXBGS_5,360.0,-0.41974983498399154,9.3995568902007,-42.626669517886945,-2.501518903055193,-0.004687675678589251,1.735331848274789,48.158862614953826,0.0
return_5,360.0,2.118003352239512,4.337603221459976,-0.9118881129825203,-0.9015326551932443,0.0016370112690131666,0.04198563444427439,10.52954401539046,0.0
realized_var_5,360.0,86.81378059936003,70.57479955674131,3.573309338237406e-05,0.8241878318573184,96.17296119227011,99.73053384009707,282.91802729109327,0.0
corr_T10Y2Y_5,360.0,0.021396201897075192,0.452897419031064,-0.9797655963753331,-0.3434948937871586,0.02399397847276745,0.37263546681140874,0.9612785867388671,0.0
beta_T10Y2Y_5,360.0,-4.057018682990072,66.90827147619076,-326.6357697055216,-26.864392439028137,0.03166099726387033,12.504854623088415,325.09971142217216,0.0
corr_VIXCLS_5,360.0,-0.012064397683483483,0.4854315037514907,-0.9856105677189392,-0.42852144646119994,-0.009023950271218065,0.3555407892892787,0.9952710369631923,0.0
sharpe_5,360.0,4.279987601357173,6.501028046966745,-23.757660669024435,2.7853620716923304,6.274560161022528,8.364133581179944,18.272953020420342,0.0
corr_DCOILWTICO_5,360.0,0.022446641077109083,0.483050645980665,-0.9683542594231285,-0.33759109359376577,0.02038381610073915,0.39726438349949805,0.9985755639960673,0.0
corr_DGS2_5,360.0,-0.05407307126280955,0.4701170893364473,-0.9961355079498044,-0.3870394591738956,-0.05213067055712757,0.31983386738071995,0.9960925413630086,0.0
beta_CPIAUCSL_5,360.0,-0.09427237874219703,11.350582682439926,-163.78426473801832,-0.0015040290188875391,-0.0012635058251784842,0.0,125.38625950032534,0.0
rolling_skew_5,360.0,0.7827956812805988,1.6194162017856992,-2.2358139974332434,0.02367963908186542,0.6087116685404061,2.1921877100125706,2.236067567796619,0.0
rolling_kurt_5,360.0,2.3312262255197758,3.5361705100695713,-3.333065308059413,-1.9831593275231882,4.851278807512548,4.974959083511775,4.99999853430819,0.0
beta_DFII10_5,360.0,-7.079672872501851,56.99492832438671,-452.5115850981927,-28.243058107669174,-0.04439151232122618,10.233864848121318,202.49735075026143,0.0
beta_T10YIEM_5,360.0,7.032406692322495,44.261967645899894,-218.06059901770575,-2.220446049250313e-05,-1.1102230246251565e-05,0.0,509.7361977424792,0.0
corr_DFII10_5,360.0,-0.053088013499998025,0.4678636354822815,-0.9622129689889215,-0.4155019891796714,-0.06831994376625539,0.3334472806608606,0.9585245198251651,0.0
beta_DGS10_5,360.0,-5.709539275725415,42.80025857826319,-190.81451633212725,-25.151949351323797,-0.03644842149772767,9.575001462355676,205.82053313000773,0.0
beta_VIXCLS_5,360.0,0.310185950360349,4.341817958670059,-17.64387131762172,-0.9504664334465226,-0.0006334721973493961,0.9578038047648291,20.588913613848042,0.0
corr_DGS10_5,360.0,-0.047888379463642154,0.46152256672707703,-0.990118742062799,-0.424180643283777,-0.09885220982807955,0.30449037890731595,0.9599452398662378,0.0
log_return_5,360.0,-0.030001258721821477,1.6696654755960283,-2.4291478287231416,-2.3180383501083686,0.0016356727663158568,0.0411205509953711,2.444912785831155,0.0
real_gold,360.0,362.8745535815136,313.2567960088884,50.80893936081134,60.32553499525397,79.98477920248632,649.0076551760973,883.4683538689167,0.0
drawdown_10,360.0,-0.43170519963313353,0.4487983796699782,-0.9118881129825203,-0.9079058592863579,-0.03651407700792457,-0.0037913359867664306,0.0,0.0
zscore_10,360.0,-0.040257921358757096,1.0181687570229816,-2.844368899652922,-0.9454510350234632,-0.31261265374352376,0.8139532729144188,2.846046441978381,0.0
rolling_mean_10,360.0,1143.2548754755658,437.87337260057524,160.73599853515626,872.3615116119386,1143.0429855346679,1468.1819988250732,2204.266990661621,0.0
beta_T10Y2Y_10,360.0,-1.0098368784141154,33.9377818227218,-157.2761625448865,-14.83129152485666,-0.7814851520290786,11.26195800072295,131.35880046216374,0.0
rolling_std_10,360.0,3.6516844730194333,1.5331950268532748,0.0034837766630064037,3.1381047566613764,4.222783542549687,4.865202070113444,5.460700145144916,0.0
rolling_kurt_10,360.0,2.922441394657544,4.599163112518557,-2.269858053213599,-1.2305219416341844,1.3423744943483564,9.623987550611307,9.99996454342459,0.0
beta_DGS2_10,360.0,-1.0444906623287886,17.168775334540666,-87.30039755618122,-8.647015779536286,-0.012777107551442188,6.024291109403155,76.48335846228672,0.0
corr_DGS10_10,360.0,-0.027133129907631382,0.3129621539292144,-0.809456838905395,-0.24260440451858764,-0.023781101905400018,0.16994963467343663,0.8788217991311598,0.0
beta_DFII10_10,360.0,-3.1335724177152935,20.91175551315597,-104.65645605663609,-13.131312686903845,-0.581005507697034,6.611944773179524,61.66809417157088,0.0
sharpe_10,360.0,5.590516079380196,4.044457555677856,-11.780022446735499,4.488453505765097,6.649932802951799,8.562924154596836,10.923031571094924,0.0
amihud_10,360.0,188830473.72210792,1342809612.058228,5.414017657247999e-10,0.0025366186286296583,0.010020681471979764,0.045913316749481174,9711281503.500118,0.0
beta_DCOILWTICO_10,360.0,0.09628860041693012,0.8656911905584954,-3.4139651932242554,-0.32224147747625753,0.0005007191474861459,0.48417122670495727,4.147179674620868,0.0
beta_DTWEXBGS_10,360.0,-0.20171490735167222,3.143948946995019,-12.352795806552864,-1.5835191647493323,-0.003503878604938348,1.2682820481652066,11.693826643318646,0.0
beta_VIXCLS_10,360.0,-0.030692398482373717,1.843481931143312,-11.037116568768269,-0.5710705605537026,0.0010372619862852447,0.7878366873579565,6.5345595894029405,0.0
autocorr_10_lag5,360.0,0.03006408232562641,0.5272744345450419,-0.9999691198137259,-0.3722849979071441,-0.1200804983619524,0.4452514739003443,0.9999994969460901,0.0
beta_DGS10_10,360.0,-2.4980506200511674,17.257055072547537,-77.66273057694622,-11.52334135062605,-0.05498628112384881,6.5987835430388735,52.636777863365204,0.0
corr_DTWEXBGS_10,360.0,-0.007553200689104887,0.26890052027601313,-0.7019460511257405,-0.18871269815620983,-0.02218835554224237,0.17745746279318445,0.7754999064315694,0.0
autocorr_10_lag1,360.0,-0.2732661292910671,0.19505907211302767,-0.8214751175854882,-0.3738093122075302,-0.29274280422147947,-0.12580756205655286,0.6599437272129789,0.0
corr_VIXCLS_10,360.0,0.008506230405959972,0.32801813997211915,-0.6638147801818254,-0.22845364690237216,0.009079143418990975,0.2390507047876403,0.8911960136321548,0.0
beta_CPIAUCSL_10,360.0,0.4447124763349798,13.996399737459122,-168.89195223164774,-0.003531106702921846,-0.0023616693835994485,-0.0011938964507684916,152.96365580468893,0.0
beta_FEDFUNDS_10,360.0,1.07907985346315,13.59200826590772,-36.50293150521737,-3.9474596431116675e-05,-1.9737298215558338e-05,-9.868649107779169e-06,156.84611558617334,0.0
realized_var_10,360.0,177.5547247520071,104.88691290539377,0.00011657369305827495,96.36612241875005,192.46390226894252,284.80413025674784,391.861304650711,0.0
corr_DGS2_10,360.0,-0.017067528671042737,0.30964748010278553,-0.7239579136784564,-0.2429050955032828,-0.020538558371230437,0.17249688173380961,0.8834280408129138,0.0
corr_DFII10_10,360.0,-0.030826639493031893,0.30687824922023305,-0.7509446137795881,-0.22877499945943705,-0.05758171314312059,0.15395651660753798,0.8635878835141814,0.0
corr_T10Y2Y_10,360.0,0.0009370725502754763,0.30224372033295316,-0.7115668410507505,-0.2096961048153213,-0.024672468947529808,0.211913170523092,0.8156260740414332,0.0
return_10,360.0,2.1618741965901043,4.393839419733804,-0.9116755452387852,-0.9010132905890507,0.0022420289756930334,0.07828800964099925,10.550967879315232,0.0
log_return_10,360.0,-0.03234771517959451,1.684828431877983,-2.4267382588528994,-2.3127696965146063,0.0022395103076852546,0.07537394325828903,2.4467692325317683,0.0
rolling_skew_10,360.0,1.3771685204058886,1.519437343449585,-3.1615423620239906,1.0099613481745155,1.738678889810891,1.7578747528791159,3.1622700158630987,0.0
beta_T10YIEM_10,360.0,5.175286768675748,47.62992169983995,-313.6913489124382,-1.9737279545943994e-05,-1.2335809769380364e-05,0.0,368.46988796605797,0.0
corr_DCOILWTICO_10,360.0,0.025028447650818977,0.3112458035449622,-0.6363554957412197,-0.21884018362210708,0.007271509385178075,0.23744835577207574,0.7664321390432238,0.0
yield_curve_slope,360.0,-0.4216666666666667,0.28900270357575325,-1.07,-0.63,-0.41,-0.2775,0.29,0.0
real_yield_level,360.0,1.6075555555555556,0.4639291106906405,0.13,1.35,1.68,1.9425,2.36,0.0
yield_slope_alt,360.0,-0.4216666666666667,0.28900270357575325,-1.0699999999999998,-0.6299999999999999,-0.41000000000000014,-0.27749999999999964,0.29000000000000004,0.0
zscore_20,360.0,-0.06227238292077623,1.046311593586114,-4.232132564123298,-0.9709110970769346,-0.559452944234359,0.8968899294071833,4.248480573923708,0.0
corwin_schultz_20,360.0,5.5614433686615855e-05,2.9534926680949233e-05,1.238443228411817e-05,3.5721898703347966e-05,4.983689170076239e-05,6.788751934296589e-05,0.0001409280060925269,0.0
vol_of_vol_20,360.0,0.5955893910627633,0.47717529251137175,0.0001797042431252327,0.3126125643840032,0.4409795131841725,0.6608734550819226,2.1328939550541337,0.0
rolling_mean_20,360.0,1144.5480145666334,321.63984792314056,240.13799972534179,914.1614986419678,1196.0244979858398,1386.2538898468017,1762.4740104675293,0.0
drawdown_20,360.0,-0.4722769828877857,0.44687622368654506,-0.9138417984630707,-0.9084572122299782,-0.9040337032338392,-0.011283056949033098,0.0,0.0
autocorr_20_lag1,360.0,-0.27123269660121196,0.13376258677089162,-0.6168128012251927,-0.34909027477217014,-0.29182470618291934,-0.1834173636793125,0.2538678684044732,0.0
corr_DGS10_20,360.0,0.007741996348923603,0.20111313051784735,-0.5104207464745951,-0.1228146136586037,0.0013632739147815425,0.1253544711964631,0.6570975385172937,0.0
corr_T10Y2Y_20,360.0,0.01730902685215003,0.18892398652247697,-0.4362938780633371,-0.12777702156939885,0.01150141404113324,0.141129530576528,0.6957598756634867,0.0
autocorr_20_lag10,360.0,0.017851060121813027,0.3304324043516281,-0.6712367394114658,-0.2426271711984721,-0.0900195823375495,0.23157206666634497,0.8250792234803187,0.0
rolling_kurt_20,360.0,3.164769911100161,6.2012168887740575,-1.716400956503149,-0.5183494684462742,0.6523585046754954,2.691084557013974,19.999672303565237,0.0
corr_DTWEXBGS_20,360.0,0.012881156429612253,0.16749334551524547,-0.38017723608184745,-0.1067418244908461,0.027191628754985212,0.1255893698411369,0.4645215550873384,0.0
log_return_20,360.0,-0.05228178331819222,1.6760406305236515,-2.4517336167068744,-2.306838548408914,0.014843685239076193,0.08315030285999381,2.480915988176879,0.0
beta_VIXCLS_20,360.0,0.10209721909510752,0.8361910535292492,-4.221729836527695,-0.22707484516488652,0.021796986772903208,0.4851156893217655,2.918758654855916,0.0
corr_VIXCLS_20,360.0,0.035874334578049456,0.22362476261107384,-0.5274920344319475,-0.12408239118865333,0.010718121360584821,0.1863782914023404,0.6901504585040342,0.0
beta_T10YIEM_20,360.0,1.3399915721194873,46.32504557139548,-298.17269448598904,-0.03064522868984473,9.349246523159211e-06,11.680621571339179,289.1671216681772,0.0
rolling_std_20,360.0,3.7845118760251237,1.0370271094072832,0.0077091407207348,3.6358006520131583,4.118778367580677,4.479308252656015,5.106790402683315,0.0
return_20,360.0,2.093368165639733,4.361738156436844,-0.9138558839042512,-0.9004241538135067,0.014954646600900179,0.08670513182478207,10.952207485968215,0.0
amihud_20,360.0,215806255.67772442,1002045139.0161325,9.442478992526827e-08,0.007501444973187269,0.023655264321349533,0.05627357133583912,4855640751.752103,0.0
autocorr_20_lag5,360.0,-7.730763776673872e-05,0.27005206082322625,-0.5102392634567192,-0.19329819199871198,-0.072308694946053,0.1233938567050068,0.8742552055868581,0.0
beta_DCOILWTICO_20,360.0,0.03641814849012583,0.36097989878339587,-1.078653407593166,-0.1564581327272606,0.00011738731710250038,0.1768796398369899,1.8623542567427211,0.0
corr_DFII10_20,360.0,-0.002127086481344922,0.1996305903773629,-0.5128933945177491,-0.12767198739846494,-0.008461919126027782,0.11040080084849044,0.7096664161611572,0.0
beta_CPIAUCSL_20,360.0,0.40585703200694545,17.4372549654575,-181.3597966768301,-0.4688407038122874,0.001135116391875383,0.6882513416211221,188.87083444631557,0.0
beta_DFII10_20,360.0,-0.7836121853523816,10.401866508171777,-45.00935552676825,-5.167364695117624,-0.08945468189187036,3.949019330705074,27.498051852717527,0.0
beta_T10Y2Y_20,360.0,0.8613147553140783,14.072957754770355,-45.8248264194073,-7.15411382903417,0.19823910627825486,7.39291168774237,106.41013793236398,0.0
rolling_skew_20,360.0,1.7114654642169853,1.352053349127623,-4.469166791429064,1.2234202042917406,1.5926779374246793,2.0854876505552853,4.472083588212529,0.0
corr_DGS2_20,360.0,-0.00015203195054920788,0.18689963755115238,-0.4602217536075163,-0.12897959238523957,-0.007425148642271594,0.11007272082736741,0.620318617255119,0.0
beta_DGS10_20,360.0,0.06505252930889655,7.651379588861619,-28.59408559574195,-3.850999167712784,0.0005708166842127165,4.110400685188109,21.012980222756795,0.0
beta_DTWEXBGS_20,360.0,0.08583605203146522,1.3584177525981649,-5.2760283183716545,-0.490311506664118,0.12557064765970205,0.7148215998518976,7.625632146702063,0.0
realized_var_20,360.0,357.6046244672137,159.93095388202173,0.0012279220273579618,284.48050869877443,385.976725661429,480.7070650550265,685.9089109402106,0.0
beta_DGS2_20,360.0,0.051135596169543066,7.206912192006397,-28.86068815002372,-4.489653769897274,-0.04954551409657691,3.656397661249861,27.211585954403482,0.0
sharpe_20,360.0,6.174725232392354,2.677008151792801,-6.5395530081384505,5.544079957863301,6.834391397914898,7.83032393519483,10.00103626300884,0.0
corr_DCOILWTICO_20,360.0,0.02044397747343393,0.19818690245386422,-0.4227618750852881,-0.12985515845269466,0.0014336435044926066,0.15933901408882153,0.5484072798375409,0.0
beta_FEDFUNDS_20,360.0,2.465157579391958,16.372807556700987,-36.96342656029025,-1.8698493046318423e-05,0.0,1.8698493046318423e-05,149.08752750692983,0.0
roll_spread_20,360.0,4.081414568225521,1.8010605096198997,0.0,3.1515048630773608,4.544366974322054,5.19054123038193,8.10079941008314,0.0
rolling_mean_50,360.0,1125.2796522140502,211.75538826707057,732.4025997924805,956.5936029052734,1076.9362007141112,1330.0628511047362,1594.4678060913086,0.0
vol_of_vol_50,360.0,0.37603206765308805,0.2700150654057953,0.00026343165231743255,0.19598784609555797,0.26581334403613344,0.43307223324228544,1.409756182327629,0.0
vpin_50,360.0,0.9978888888877236,0.006153911624818904,0.9799999999991862,0.9999999999980017,0.9999999999986505,0.9999999999993361,0.9999999999998807,0.0
zscore_50,360.0,-0.014304535484452898,1.0239464803166467,-1.3907294422255971,-0.9869802156660527,-0.7634805277991883,1.027476743199263,1.2866702931667364,0.0
drawdown_50,360.0,-0.4763334321896279,0.4439734253138045,-0.9157649412255724,-0.9096342369532712,-0.9058228430919595,-0.019297287506280472,0.0,0.0
beta_CPIAUCSL_50,360.0,-0.49747010635922617,5.01557839977202,-46.81054744795689,-0.38686071311643194,0.07581950679997985,0.4641847906164973,6.067224549865858,0.0
rolling_skew_50,360.0,1.8896657344719983,1.0538174445389632,0.986986289581645,1.3655629482424354,1.6835767301872842,1.875568822979186,7.070689571820324,0.0
autocorr_50_lag10,360.0,0.008320699463624816,0.13136216385923785,-0.27984886347508386,-0.08611577328759051,-0.023428822688689878,0.11531706558662741,0.32610040839920507,0.0
corr_VIXCLS_50,360.0,0.03378498175130872,0.1164328995590826,-0.24900146596687414,-0.05228903174304544,0.01648495527704273,0.09523825342385678,0.38476784348545584,0.0
corr_DCOILWTICO_50,360.0,0.009504068112328375,0.09725302297308912,-0.22937772489095812,-0.05378499572565178,0.004208019582272597,0.06872698405397318,0.25803868416507547,0.0
beta_DGS2_50,360.0,0.08155920389666732,2.482769531511644,-10.882087085716153,-1.0772469664982571,0.00283150226940483,1.1360408228539378,11.645808746015684,0.0
return_50,360.0,2.417868632137023,4.6540775435811295,-0.9159897951370436,-0.8923916602305084,0.03602029446731303,8.876005275659534,11.644345356730414,0.0
realized_var_50,360.0,876.0589424662968,285.4568410156069,94.82897024434901,770.8540633730398,880.8721692170623,1061.2539793926971,1369.676124736608,0.0
autocorr_50_lag5,360.0,-0.0021366465263101065,0.14431482737139537,-0.29638057002409296,-0.08405414135904601,0.0023203740870122204,0.07940202757060427,0.4505759988173813,0.0
corr_T10Y2Y_50,360.0,0.01397110916606921,0.09471041360286642,-0.2510271722821251,-0.05274635091783888,0.01572298700039165,0.07358634273386094,0.3420271649242871,0.0
beta_VIXCLS_50,360.0,0.14202184063882012,0.3531364429086038,-0.5991036616579233,-0.059267356593693116,0.03182801473004048,0.20993884643785227,1.844169894044683,0.0
autocorr_50_lag1,360.0,-0.2642077856074639,0.09257830889650302,-0.4357521096911973,-0.32393193220740135,-0.2714929833393316,-0.23092767409104586,-0.01550015465784781,0.0
beta_FEDFUNDS_50,360.0,1.8768197018036485,9.960588590984985,-16.30367358869016,-0.6801286444580886,0.0,0.3417207934126506,72.19064480168,0.0
corr_DTWEXBGS_50,360.0,0.016557389229539067,0.0958424743160763,-0.29916048709671006,-0.043757381889648034,0.01101036588715208,0.07913349431992399,0.2639717957421868,0.0
rolling_kurt_50,360.0,2.867454070576424,7.930829831668046,-1.0320987178383938,-0.09079192716434181,0.9359264302801841,1.6575264981910651,49.996362671731475,0.0
beta_T10YIEM_50,360.0,-4.191159589127826,27.12913207333717,-169.2858346338737,-3.369127037136861,2.451553420950357,6.615828773343904,44.347392887980476,0.0
corr_DFII10_50,360.0,0.006462748861623975,0.09956080091437061,-0.24045999849323235,-0.06556357850743988,0.012939088794963697,0.07492024091853958,0.24622888551736682,0.0
beta_DCOILWTICO_50,360.0,0.0034050880178749963,0.09604757913009164,-0.22716617906107422,-0.057211497583745094,0.0030881457068969997,0.0613389557511279,0.31949502826305093,0.0
beta_T10Y2Y_50,360.0,0.28156536149665345,3.4737216089224994,-11.960983547516589,-1.9134202297195169,0.5275505101397916,2.3880529852394603,11.75992475258818,0.0
beta_DTWEXBGS_50,360.0,0.09514154009395424,0.3504437248560112,-0.6597387945399007,-0.15738768044402954,0.032427200284883266,0.31430627336023487,1.2180975180100946,0.0
log_return_50,360.0,0.035294042780090816,1.7085856184817052,-2.4768170010539396,-2.229274838747945,0.03538673284106948,2.290054715255465,2.537210107862861,0.0
corr_DGS2_50,360.0,0.004654387174349059,0.09337045898146575,-0.25404578681703693,-0.056021941095698545,0.00027327272697182667,0.057116575356030194,0.2587495433511332,0.0
amihud_50,360.0,205015942.89598998,597623681.3689008,0.0010494665078895676,0.016664152977405835,0.032812456273819235,0.11349978815552987,1942256300.7154195,0.0
rolling_std_50,360.0,3.806360024260563,0.6750769485941731,1.3772275421414062,3.704805672850183,3.9159469284079904,4.214357122346911,4.642946159266902,0.0
hurst_50,360.0,0.6553957287906766,0.06843454703374248,0.4891585121754194,0.6060629775646376,0.6700040808526146,0.7051206228492576,0.7828784763368056,0.0
corr_DGS10_50,360.0,0.015426743574016275,0.09373819130672105,-0.2305044731576143,-0.047166301150842055,0.013031119636619612,0.07546946552355659,0.26534136225203414,0.0
sharpe_50,360.0,6.4810178457907845,1.4011568761123352,2.011788047289781,6.08903601668278,6.617093773502827,7.347399184172696,8.636528769948885,0.0
beta_DFII10_50,360.0,0.10163769450524346,2.986404216566167,-11.613668713333777,-1.8005494304177978,0.37980507172068345,1.9150070247128663,8.788089315666163,0.0
beta_DGS10_50,360.0,0.35735050304258564,2.2043592080927725,-7.498718232393306,-1.063898884645067,0.23478542542793635,1.7432524685320896,6.448039726439504,0.0
jump_50,360.0,767.1796839949174,239.13897183868795,94.62854735397727,686.0314061872127,785.1132840792807,924.7306637986627,1172.249097517126,0.0
kyle_lambda_50,360.0,-3.986534414289012e-07,1.891081422004371e-07,-8.467638367550641e-07,-5.10360228389166e-07,-3.8867417244264104e-07,-2.5517492382542693e-07,-6.839796097544583e-08,0.0
bipower_var_50,360.0,108.87925847137922,51.7687912755852,0.19709143402095786,84.52866791458555,112.52186886502015,140.22677056055585,222.32444742227662,0.0
real_yield_chg_1d,360.0,0.0009166666666666647,0.06529976943741371,-0.27,-0.040000000000000036,0.0,0.040000000000000036,0.24,0.0
real_yield_chg_5d,360.0,0.015388888888888886,0.13352250971440474,-0.43999999999999995,-0.07000000000000006,0.020000000000000018,0.10000000000000009,0.47,0.0
dxy_mom_5,360.0,0.00016668918472775575,0.007396423786089039,-0.027071729668115885,-0.005093590249806962,0.00037606289601199716,0.0049865152733280516,0.027545708197078023,0.0
dxy_mom_10,360.0,0.000336918152952199,0.010496333757116645,-0.022670565736552017,-0.007539918248321148,-0.0001836425223532001,0.007974946434641472,0.04151923407484759,0.0
corr_T10YIEM_50,360.0,0.023513661634289848,0.11228883726549499,-0.28462319580987006,-0.048697075136750284,0.03206653420567975,0.10634467273723561,0.29232197299973556,0.0
yield_curve_slope_chg_20d,360.0,0.0014444444444444433,0.17353805494764207,-0.41,-0.11250000000000002,0.009999999999999981,0.12,0.44999999999999996,0.0
real_yield_chg_20d,360.0,0.028999999999999995,0.2652052340282689,-0.6099999999999999,-0.14250000000000007,0.020000000000000018,0.18999999999999995,1.0799999999999998,0.0
dxy_mom_20,360.0,0.0011632266530768385,0.014307136848432326,-0.04039897189705133,-0.009815259819019734,-9.900837402748719e-05,0.011834252325532979,0.040377067529720145,0.0
rolling_mean_100,360.0,1103.5748386472067,172.21524183222382,837.2925019836425,981.2991765975952,1052.4309505462647,1197.252903213501,1499.5133003234864,0.0
drawdown_100,360.0,-0.48218434126551446,0.4397118756560608,-0.9209048620103266,-0.9100713378350642,-0.9058228430919595,-0.02218867420734519,0.0,0.0
vol_of_vol_100,360.0,0.2953467358865905,0.235691769291281,0.08211375923445886,0.12867753739704868,0.18017670366084684,0.4725512095518546,0.996970059615968,0.0
zscore_100,360.0,0.009143185458120416,1.030433614899772,-1.2360198733573045,-0.979183285090144,-0.8210025405661341,1.0916980127849867,1.2420680089967429,0.0
corr_DCOILWTICO_100,360.0,0.009591114603010233,0.09300424696983113,-0.16485202084469913,-0.058067801124662796,0.004646624245178041,0.04418723007252739,0.346045412311612,0.0
corr_DGS10_100,360.0,0.0129501155802443,0.06844490309222986,-0.14290722000928233,-0.03629525516812801,0.004473441531081779,0.06578130138782164,0.1752879424753845,0.0
beta_DGS2_100,360.0,0.06341357682938976,1.067960098159906,-2.895379034732347,-0.6599892822666118,0.0611209171468048,0.8830339327142002,3.4269000124033577,0.0
return_100,360.0,2.1727886672053085,4.564345181505504,-0.9181926252072914,-0.8919787638414584,0.0680322733567803,0.19413557827394012,11.98924863530694,0.0
beta_DTWEXBGS_100,360.0,0.012602866433121519,0.19246500953496126,-0.4493462386347635,-0.0976133907957129,-0.011622600639348269,0.13245541643806755,0.7150244542889739,0.0
corr_DTWEXBGS_100,360.0,-0.004177679657222454,0.07732349787237312,-0.24324054655322708,-0.040655217403277974,-0.00361610383979026,0.0480655475341905,0.1729668791702768,0.0
beta_T10YIEM_100,360.0,0.8150209491571909,3.887469451573108,-10.444568987993783,-1.7629633142987147,1.257623870562529,3.6911118620024905,8.558933766491933,0.0
rolling_skew_100,360.0,1.7415176154087526,0.4204352328713675,1.086753437147114,1.4177060641920742,1.6598087820625036,1.9553662484031797,2.8624875211153475,0.0
beta_DFII10_100,360.0,-0.02367068438884906,1.4425654357142164,-4.304113791977479,-1.015159433741402,-0.04011122776705179,0.7872256957049295,5.116499092682378,0.0
beta_DCOILWTICO_100,360.0,-0.0013325794837196466,0.049493074326221964,-0.11760664649725147,-0.042204505932976547,0.0035180501999745404,0.03492406662229379,0.09775658747875435,0.0
beta_FEDFUNDS_100,360.0,-0.2394974680574582,2.228652431149021,-32.181821479990184,-0.42234228358474274,0.0,0.5060095481476856,2.1768714825527327,0.0
log_return_100,360.0,-0.054188649550471917,1.6882848111358955,-2.5033878830471976,-2.225427491195295,0.06581794238953054,0.1774225223498318,2.5641219872318515,0.0
corr_VIXCLS_100,360.0,0.01674819541705051,0.07845802299698582,-0.14880110105602104,-0.04085964166343882,0.01058955025763425,0.08971460248269839,0.17352400394179865,0.0
beta_DGS10_100,360.0,0.10874862322032655,1.0936716315503208,-3.2923279019646476,-0.56203246306313,0.0682497999034859,0.8094884165686548,4.1430899820992675,0.0
hurst_100,360.0,0.6655758117351157,0.048522045279151556,0.5085714559114761,0.6387868076933791,0.6781728769819013,0.6997367165622443,0.7423279763779506,0.0
autocorr_100_lag10,360.0,0.03387528199981796,0.0851220747401645,-0.13869589226120985,-0.02708155326167154,0.029233228433973347,0.10620822955055698,0.204457114826846,0.0
rolling_kurt_100,360.0,1.2996325851007424,1.6687044523974826,-0.7962474418690475,0.06021541733611248,0.8310917054992847,1.9335771967596254,6.44436081512255,0.0
autocorr_100_lag1,360.0,-0.2615291244506588,0.06211386901220404,-0.37734357252345635,-0.3106993259664074,-0.2569697526187686,-0.22273672629765506,-0.1319468933542782,0.0
corr_DFII10_100,360.0,0.005073250393762177,0.0731423962545536,-0.1323615292170091,-0.05371585211543059,-0.0026072093145295397,0.05784402687034742,0.18166751863021516,0.0
sharpe_100,360.0,6.4709403998397725,0.9138275512922049,4.386241154946842,5.901390244363307,6.557626876135444,7.137464460118943,8.238031963381022,0.0
corr_T10YIEM_100,360.0,0.02358566916004247,0.07096150473964653,-0.13731133356458886,-0.022820908909396254,0.02440215179521492,0.07146437472561198,0.27109398337492646,0.0
beta_T10Y2Y_100,360.0,0.3475820611582062,2.0466161272720567,-5.440491363679407,-0.7418346164602079,0.49093430192309406,1.5870988198972917,5.862520460420575,0.0
realized_var_100,360.0,1707.4650463753626,404.92486860375817,849.3857452656686,1444.75703791574,1738.2288630988733,2004.1136604437856,2500.553524737397,0.0
corr_T10Y2Y_100,360.0,0.01883336351117435,0.10083796700923515,-0.2639090396069107,-0.02873085890122464,0.01775079450912739,0.062132879231359184,0.3764043541411727,0.0
beta_VIXCLS_100,360.0,0.05184780782103161,0.13985367731768422,-0.17494583691606164,-0.05659047731206532,0.012953607649989964,0.14864545381526514,0.77137402598023,0.0
corr_DGS2_100,360.0,0.0038600088352166305,0.08731386038510769,-0.22433903014262405,-0.05734935599267824,0.004983935292743217,0.0726833773259935,0.20301140327554934,0.0
rolling_std_100,360.0,3.8015467374071688,0.3990450740497445,2.8197790629995585,3.5774712181353907,3.870029895121972,4.098196241555618,4.456100578192302,0.0
beta_CPIAUCSL_100,360.0,0.07581568985798046,0.31684815822790313,-1.0737743570945977,-0.10268103845827328,0.05022263937086422,0.24223600922748062,0.9948175819532232,0.0
autocorr_100_lag5,360.0,-0.006006204479395194,0.08782355096579196,-0.21651433637412995,-0.05440846398786136,-0.005369592397524436,0.036417023440066705,0.28016155324164027,0.0
corr_CPIAUCSL_100,360.0,0.02250231106763089,0.08762599830567158,-0.24152327067051574,-0.03896736763188573,0.018664845466342977,0.07792198005009156,0.2797368921620532,0.0
corr_CPIAUCSL_10,360.0,0.004368488019637036,0.17417889572600065,-0.6718327959557278,-9.727625014561445e-07,-3.267596047531247e-08,-1.1411112990613115e-08,0.668428053510084,0.0
dxy_mom_50,360.0,0.0012940592828957142,0.022731712497956157,-0.07027149748428496,-0.012633242569738717,0.004170566029920164,0.015618905712700804,0.06362438212569477,0.0
hedger_ratio,360.0,0.8852996308478122,0.06775156308553758,0.698002893364949,0.8510679620420678,0.8930099124067885,0.9342242895186686,0.996517367495165,0.0
spec_concentration,360.0,0.7282000887954289,0.047812559108752845,0.6337020343712151,0.6876175818311537,0.7248724202189467,0.7685559657203835,0.8256710191387469,0.0
oi_change,360.0,119.65833333333333,10738.770281883362,-61392.0,0.0,0.0,0.0,63538.0,0.0
dxy_mom_100,360.0,0.004516972097592462,0.030987767740132136,-0.06630171926508077,-0.014022256557751883,0.005219186309378787,0.024265541681834812,0.08750205393941357,0.0
net_comm_mom_4w,360.0,339.7888888888889,15995.658429063287,-48440.0,-8182.0,0.0,11555.0,35510.0,0.0
oi_mom_4w,360.0,0.002936614275597414,0.04192886620529212,-0.10727128494197158,-0.021014701297455418,0.0,0.02107218782925302,0.14694001629397246,0.0
spec_sent_mom_4w,360.0,-0.0015932390959818232,0.021169731746351176,-0.05781192316053929,-0.012613507428104964,0.0,0.00764705856980899,0.07036607258417193,0.0
net_comm_mom_8w,360.0,-267.4888888888889,24142.85659537484,-64648.0,-15247.0,9.5,14644.0,53323.0,0.0
oi_mom_8w,360.0,0.005719199167645418,0.06783537743049435,-0.16016082305619717,-0.026846472460752252,0.005023269843172695,0.04503145793956964,0.27517867745695246,0.0
spec_sent_mom_8w,360.0,-0.002153833882630449,0.03032302118314615,-0.08786891227607418,-0.019008477497675036,-5.166244886833926e-05,0.011383398174671294,0.10202225929295128,0.0
net_comm_mom_12w,360.0,-827.275,30150.221250026625,-92279.0,-20367.0,-1158.0,21889.0,69745.0,0.0
oi_mom_12w,360.0,0.00901450069155934,0.08761211007800328,-0.1766596116406045,-0.03795187426702851,0.007791800507769953,0.05782635986269835,0.3012001605077883,0.0
spec_sent_mom_12w,360.0,-0.002497669536322706,0.038924383880497786,-0.11808579566201716,-0.025034107964960833,0.00034891166360540016,0.01632658538951892,0.1462387317315822,0.0
corr_CPIAUCSL_50,360.0,0.010544199536109088,0.11206516101741387,-0.23349261275414343,-0.07774159790276902,0.017136556272635155,0.09222569528485841,0.2846231958363396,0.0
oi_vs_avg_52w,360.0,0.010320645436366023,0.06836734871104497,-0.13584126898384008,-0.034710826790525756,0.01682062697764708,0.0609506967355411,0.19025542502349668,0.0
dxy_zscore_5,360.0,0.06422582492727529,1.0380807173953968,-1.7419042518921206,-0.8991834873863922,0.052492692630131316,1.0347266368556134,1.7327987863282834,0.0
drawdown_252,360.0,-0.4897915309460872,0.43363940625241065,-0.9242029934443946,-0.9109270630963751,-0.9060282938175619,-0.03302432939655271,0.0,0.0
vol_of_vol_252,360.0,0.20861775333206992,0.09782499541685787,0.06752861977029345,0.1251712505880701,0.20370334426899167,0.29832393842433585,0.3743823793192631,0.0
zscore_252,360.0,0.050376220485038134,1.0745443327771074,-1.1683964637652446,-0.9876005692258354,-0.8703643845245308,1.1805666123439682,1.4547914235298296,0.0
rolling_mean_252,360.0,1062.1062493904558,99.17304100095419,920.90269966731,997.5739498441181,1030.4935324532644,1098.5434861712986,1317.444443112328,0.0
corr_DGS10_252,360.0,0.0018554858076183795,0.04382744637385293,-0.10575326363728076,-0.02198888638997503,0.004332579973094913,0.03492106696452019,0.09317957607354554,0.0
sharpe_252,360.0,6.523371432883591,0.4451617139066462,5.733381577757595,6.163300559299134,6.612550811387209,6.882362988979571,7.311268494686113,0.0
leadlag_DGS10_0,360.0,0.0018554858076183795,0.04382744637385293,-0.10575326363728076,-0.02198888638997503,0.004332579973094913,0.03492106696452019,0.09317957607354554,0.0
corr_T10YIEM_252,360.0,0.02281034854143168,0.06916278979927931,-0.15461946251462574,-0.0056653680258383025,0.023280743747847568,0.07973742275800523,0.14947986484325873,0.0
leadlag_T10YIEM_p1,360.0,0.012838409277832514,0.06861791270756301,-0.15903421584904195,-0.01343358941181385,0.0047026859915305745,0.07535181830844287,0.14259351937357512,0.0
rolling_kurt_252,360.0,0.906941495428729,0.6520270852547765,-0.06676610619465224,0.3769718281103147,0.6963424880676019,1.3727046379294323,2.162487933262055,0.0
autocorr_252_lag5,360.0,-0.011306907469531217,0.0455332264192521,-0.08285103629888567,-0.05218316509132451,-0.018438626725423873,0.020295148446928053,0.1135118211909604,0.0
adf_252,360.0,-8.190316782589681,0.7861967135707888,-9.943057840578673,-8.707020010046804,-8.419246327015365,-7.438949013143936,-6.803261414149253,0.0
leadlag_DCOILWTICO_0,360.0,0.009282186356614864,0.06740003055785662,-0.1539269051232651,-0.026963517500185507,-0.003040034099256941,0.05859451477327446,0.1596422486190629,0.0
beta_DFII10_252,360.0,0.1186227345687093,0.4806329575754406,-0.7044906605778394,-0.263595906973413,0.03233269921291393,0.39508065819296045,1.3904384737086335,0.0
beta_CPIAUCSL_252,360.0,0.009441441870030657,0.08169270315318099,-0.1063991514748931,-0.05272946605878721,-0.00555259810071452,0.04392038380519744,0.21381057703198716,0.0
leadlag_DTWEXBGS_p1,360.0,-0.040683260256944916,0.061812862565375964,-0.14017439721315375,-0.10228727284986464,-0.027560259360631764,0.007552968284853022,0.09309872870942154,0.0
autocorr_252_lag10,360.0,0.04097169804022728,0.03641500338459028,-0.024973926368427705,0.009875563438867294,0.032862058966641176,0.07287179002842893,0.13830519746294842,0.0
beta_DGS10_252,360.0,0.08535868673805302,0.38243102262865347,-0.7360802157056211,-0.19234789649700423,0.04832541967351685,0.33277238313937785,0.9267514486535818,0.0
rolling_std_252,360.0,3.8175760364787266,0.19154667077863252,3.478709845859846,3.662289330946171,3.873375494360288,3.9773611707744703,4.132643556160845,0.0
leadlag_T10YIEM_0,360.0,0.02281034854143168,0.06916278979927931,-0.15461946251462574,-0.0056653680258383025,0.023280743747847568,0.07973742275800523,0.14947986484325873,0.0
leadlag_VIXCLS_m1,360.0,0.015010092188450877,0.06149293219310723,-0.13752417369499415,-0.006123952951998495,0.01892394275907542,0.05444827474020361,0.1172840498114802,0.0
regime_hist_ret_trending_up,360.0,9.746516121857157,0.03417444707874096,9.697689134911666,9.70910089975805,9.752796124142323,9.768425669286627,9.817138045920043,0.0
corr_DFII10_252,360.0,-0.001854570776156085,0.056126302119521805,-0.13081923988864597,-0.031087501747423224,0.002418096478603897,0.03798488201532067,0.11862994254802006,0.0
beta_DCOILWTICO_252,360.0,-0.004026345731899994,0.026266030318077404,-0.06287002129866068,-0.017559625726010324,-0.00215084096235018,0.015798098966703308,0.04162021310138086,0.0
regime_hist_ret_ranging,360.0,0.0005032939158458696,0.0006029250527420536,-0.000722486469592442,-3.319889977123577e-05,0.0006167007210078071,0.0008965235409124461,0.0016852237158082777,0.0
leadlag_CPIAUCSL_m1,360.0,0.004697573361125671,0.07539281494117478,-0.12305138845240694,-0.056177226696731974,-0.011026090951352652,0.047410887364930335,0.19222672359798618,0.0
regime_hist_ret_crisis,360.0,-0.9069585454331294,0.00016342967030073688,-0.9072865531553594,-0.9071126796314134,-0.9069872124147677,-0.9068013140308703,-0.9066760120961899,0.0
beta_VIXCLS_252,360.0,0.018518455856280345,0.07399152971292915,-0.11688184177315854,-0.02644585055034332,0.0183901364278202,0.05079995738025274,0.19199686649902456,0.0
corr_FEDFUNDS_252,360.0,-0.009918970070093252,0.08408166295639982,-0.16088220737046954,-0.07552037189189624,-0.022269524506267912,0.05162015798780141,0.18450630609114155,0.0
leadlag_DGS2_m1,360.0,0.0005546762398946063,0.05520977971598206,-0.12593134321648256,-0.04118429396713587,0.011996098535025188,0.03505749056111897,0.12217457964553925,0.0
leadlag_DGS10_p1,360.0,0.006881319962141778,0.04192818501709994,-0.08542764290166376,-0.021166389914274882,0.003915905119173283,0.03889813320399888,0.09428004054554866,0.0
leadlag_DGS10_m1,360.0,0.006881319962141778,0.04192818501709994,-0.08542764290166376,-0.021166389914274882,0.003915905119173283,0.03889813320399888,0.09428004054554866,0.0
leadlag_FEDFUNDS_m1,360.0,-0.0011207181039492105,0.08256517318077879,-0.15604749243474947,-0.0660858359213489,-0.004879520039220908,0.057373998956630104,0.18827324114010885,0.0
leadlag_T10YIEM_m1,360.0,0.012838409277832514,0.06861791270756301,-0.15903421584904195,-0.01343358941181385,0.0047026859915305745,0.07535181830844287,0.14259351937357512,0.0
realized_var_252,360.0,4300.1742763708025,508.58664321452767,3437.967520923711,3877.6688892267084,4423.192173083278,4719.937574447119,5199.702598916824,0.0
autocorr_252_lag1,360.0,-0.267691051070256,0.029413376680197487,-0.32669946388216875,-0.29192923817922317,-0.2686606992468544,-0.2403573602640462,-0.21084023766859045,0.0
leadlag_DFII10_0,360.0,-0.001854570776156085,0.056126302119521805,-0.13081923988864597,-0.031087501747423224,0.002418096478603897,0.03798488201532067,0.11862994254802006,0.0
leadlag_FEDFUNDS_p1,360.0,-0.0011207181039492105,0.08256517318077879,-0.15604749243474947,-0.0660858359213489,-0.004879520039220908,0.057373998956630104,0.18827324114010885,0.0
corr_VIXCLS_252,360.0,0.0017027337744297125,0.06371447357170948,-0.15468138093941494,-0.025679729308562986,0.020507365452685396,0.04713760686678222,0.10150274112090896,0.0
beta_FEDFUNDS_252,360.0,-0.5019198125794818,2.3175061979835965,-32.70150079003648,-0.5088975363053654,-0.13878302891461547,0.41535946750898084,1.882218600916618,0.0
rolling_skew_252,360.0,1.674600651029194,0.18700758407468224,1.373141442063685,1.5229509995194623,1.6226106557944224,1.8156386054638656,2.0175287065581173,0.0
corr_DTWEXBGS_252,360.0,-0.041264011976748116,0.061863431747840064,-0.13559773173597944,-0.10405262964727487,-0.023582313757744656,0.0020999610654377854,0.0934477748777867,0.0
leadlag_DCOILWTICO_m1,360.0,0.010144083725721975,0.06761950186176352,-0.15635902074182875,-0.02910901857742381,0.00027885745013254916,0.06219755864251728,0.15713132962924764,0.0
beta_T10Y2Y_252,360.0,0.04899794368147438,0.9209903042867887,-2.2543925561129288,-0.5765077109857983,0.17539829405795318,0.7939558040507808,1.821304630915179,0.0
leadlag_VIXCLS_0,360.0,0.0017027337744297125,0.06371447357170948,-0.15468138093941494,-0.025679729308562986,0.020507365452685396,0.04713760686678222,0.10150274112090896,0.0
hurst_252,360.0,0.6729733462017534,0.02318503235396881,0.623542404044974,0.6536971723091205,0.6753295226636353,0.6892738937344028,0.7273912988678034,0.0
return_252,360.0,2.5566147823547767,5.004217439732614,-0.9151112611284563,-0.8877046303182801,0.0765157453475046,2.4799255510924123,14.642663227951099,0.0
leadlag_T10Y2Y_m1,360.0,0.01824606933503467,0.07049410922540272,-0.12746411942871927,-0.03744836514050581,0.011107068184693931,0.0800432994305187,0.16276246043964823,0.0
log_return_252,360.0,-0.010275212185746124,1.765086537567037,-2.466413834373432,-2.186622754079692,0.07372957619835228,0.8459088153736214,2.7500020037377184,0.0
corr_DCOILWTICO_252,360.0,0.009282186356614864,0.06740003055785662,-0.1539269051232651,-0.026963517500185507,-0.003040034099256941,0.05859451477327446,0.1596422486190629,0.0
corr_DGS2_252,360.0,0.0011191515429727257,0.05793000456333135,-0.1324680557711272,-0.045468861119441734,0.01654120749601669,0.03471272829790559,0.12787308464663263,0.0
leadlag_DTWEXBGS_m1,360.0,-0.040683260256944916,0.061812862565375964,-0.14017439721315375,-0.10228727284986464,-0.027560259360631764,0.007552968284853022,0.09309872870942154,0.0
leadlag_FEDFUNDS_0,360.0,-0.009918970070093252,0.08408166295639982,-0.16088220737046954,-0.07552037189189624,-0.022269524506267912,0.05162015798780141,0.18450630609114155,0.0
corr_T10Y2Y_252,360.0,0.01202507293201229,0.06799195178522582,-0.1409417018499308,-0.035655567851920304,0.009839322918368025,0.06881122916326714,0.14747090640836247,0.0
leadlag_T10Y2Y_0,360.0,0.01202507293201229,0.06799195178522582,-0.1409417018499308,-0.035655567851920304,0.009839322918368025,0.06881122916326714,0.14747090640836247,0.0
leadlag_T10Y2Y_p1,360.0,0.01824606933503467,0.07049410922540272,-0.12746411942871927,-0.03744836514050581,0.011107068184693931,0.0800432994305187,0.16276246043964823,0.0
corr_CPIAUCSL_252,360.0,0.0029706997133176613,0.07430274432966,-0.12959155004139605,-0.05489778786810404,-0.005768238594249728,0.04336951818418121,0.1880448847573962,0.0
leadlag_DCOILWTICO_p1,360.0,0.010144083725721975,0.06761950186176352,-0.15635902074182875,-0.02910901857742381,0.00027885745013254916,0.06219755864251728,0.15713132962924764,0.0
leadlag_DFII10_m1,360.0,0.0030098934200106513,0.054635638384100994,-0.11407194933025808,-0.02621235879238951,0.0011031704855969824,0.03988398703707851,0.12208428890817068,0.0
beta_DTWEXBGS_252,360.0,-0.04010194182019819,0.08844802171843702,-0.15994538536855984,-0.11260824637542781,-0.05243269331650481,0.005481721772711972,0.20504808454548368,0.0
leadlag_DFII10_p1,360.0,0.0030098934200106513,0.054635638384100994,-0.11407194933025808,-0.02621235879238951,0.0011031704855969824,0.03988398703707851,0.12208428890817068,0.0
leadlag_DGS2_p1,360.0,0.0005546762398946063,0.05520977971598206,-0.12593134321648256,-0.04118429396713587,0.011996098535025188,0.03505749056111897,0.12217457964553925,0.0
beta_DGS2_252,360.0,0.12638661359080242,0.3770640594541739,-0.5664967965972526,-0.2068768557894568,0.1610855102384126,0.3710970902839706,1.000910628163929,0.0
leadlag_VIXCLS_p1,360.0,0.015010092188450877,0.06149293219310723,-0.13752417369499415,-0.006123952951998495,0.01892394275907542,0.05444827474020361,0.1172840498114802,0.0
beta_T10YIEM_252,360.0,0.18117265091479967,2.34405814891716,-6.166218609599547,-0.21373356986564324,1.0988631830705569,1.7871444492413715,2.6077880049075977,0.0
leadlag_DTWEXBGS_0,360.0,-0.041264011976748116,0.061863431747840064,-0.13559773173597944,-0.10405262964727487,-0.023582313757744656,0.0020999610654377854,0.0934477748777867,0.0
leadlag_DGS2_0,360.0,0.0011191515429727257,0.05793000456333135,-0.1324680557711272,-0.045468861119441734,0.01654120749601669,0.03471272829790559,0.12787308464663263,0.0
leadlag_CPIAUCSL_p1,360.0,0.004697573361125671,0.07539281494117478,-0.12305138845240694,-0.056177226696731974,-0.011026090951352652,0.047410887364930335,0.19222672359798618,0.0
leadlag_CPIAUCSL_0,360.0,0.0029706997133176613,0.07430274432966,-0.12959155004139605,-0.05489778786810404,-0.005768238594249728,0.04336951818418121,0.1880448847573962,0.0
regime_hist_ret_trending_down,360.0,0.0008931623774287126,0.0009686181592494564,-0.0006256647649212646,-6.372507669457669e-05,0.0006614312188934761,0.0017441736390373698,0.002725016909263959,0.0
granger_VIXCLS_252,360.0,0.2544672739008073,0.24176768915663505,0.0018215334036578881,0.03619520221649343,0.1880146827938164,0.42436512455754727,0.8704592578159096,0.0
granger_DTWEXBGS_252,360.0,0.2062980488788866,0.2051031902814799,0.0030778128726613274,0.037335429801494055,0.11071432590795163,0.3260328245271593,0.8907554994839249,0.0
granger_DGS10_252,360.0,0.17858471484598124,0.19206464921695438,0.002999412548364022,0.02928726153493904,0.07677943935418796,0.3137669350721623,0.796509364603395,0.0
partial_corr_FEDFUNDS_ctrlDXY_252,360.0,-0.007431817436218282,0.06638606518396017,-0.13433458090229164,-0.0531832087136746,-0.010509482062064247,0.036099935142246624,0.14970536495312314,0.0
partial_corr_DGS10_ctrlDXY_252,360.0,0.039955617015045415,0.03800923740508131,-0.0405283597275882,0.011901137086145794,0.0328731190418395,0.07127730467682514,0.14236654548827699,0.0
partial_corr_DFII10_ctrlDXY_252,360.0,0.02982478866343555,0.03838995327896524,-0.058643719507119885,0.006990374512070186,0.02818337724045262,0.054183710415821575,0.12774674068549188,0.0
partial_corr_DCOILWTICO_ctrlDXY_252,360.0,0.006715248337340869,0.05309579914848481,-0.11275562086888245,-0.028653499282420378,-0.011987002827217909,0.05263668951900853,0.11894320034776772,0.0
partial_corr_T10Y2Y_ctrlDXY_252,360.0,0.003358803131395625,0.04244032850025011,-0.10054993463169147,-0.031766874557793236,-0.0020684064933171164,0.0330569598686673,0.10495701996669454,0.0
partial_corr_VIXCLS_ctrlDXY_252,360.0,0.020791602919995003,0.05786324711343935,-0.11758740500508344,-0.018003763456543115,0.022054084531300266,0.07396547102623438,0.11887676681669915,0.0
partial_corr_DGS2_ctrlDXY_252,360.0,0.027054848300223495,0.0395959414361791,-0.068495972651004,0.0033491502916727215,0.03221653117565339,0.04988718560019422,0.12414474070353719,0.0
partial_corr_CPIAUCSL_ctrlDXY_252,360.0,0.010714606640824076,0.05524832024731121,-0.07701913164103673,-0.036059288215372645,0.006248117351452801,0.049291516544232375,0.15532219127389169,0.0
partial_corr_T10YIEM_ctrlDXY_252,360.0,0.01844124335015068,0.04518741052012644,-0.1087845911012811,-0.00988565137488538,0.025098457491098493,0.041024126239130966,0.0971179617835628,0.0
leadlag_FEDFUNDS_m3,360.0,-0.010254038266164757,0.08460375711636364,-0.16150532043444146,-0.07321460720345871,-0.022300565548616563,0.049007875512832214,0.18875796493854263,0.0
leadlag_FEDFUNDS_p3,360.0,-0.010254038266164757,0.08460375711636364,-0.16150532043444146,-0.07321460720345871,-0.022300565548616563,0.049007875512832214,0.18875796493854263,0.0
leadlag_VIXCLS_m3,360.0,-0.02010947644892476,0.04683714011841463,-0.1469974208201566,-0.02940967021204415,-0.0054133843129681725,0.01167687480071888,0.04869210485544714,0.0
leadlag_DFII10_p3,360.0,-0.00677393299602861,0.05428860484004864,-0.11378275820740587,-0.04095049074886728,-0.009346992476631273,0.01978564501015551,0.13170659938230717,0.0
leadlag_DCOILWTICO_p3,360.0,0.010426174355789948,0.08233971267698488,-0.15815089873600774,-0.04640501183910822,-0.014956817348887243,0.08236820293102072,0.1791788525834858,0.0
leadlag_DTWEXBGS_m3,360.0,-0.05588982737108244,0.052919106859739794,-0.15144414954731827,-0.09944187472795699,-0.04996207486541824,-0.01632508979933555,0.07585298000843073,0.0
leadlag_T10YIEM_m3,360.0,0.02488209554219895,0.07521624064456907,-0.1355108255111849,-0.02226255306759537,0.010525997006828686,0.10248349332690264,0.1635874882644397,0.0
leadlag_DGS10_m3,360.0,0.0026780562473849006,0.042780117268504385,-0.08083422929713323,-0.030707531813750546,0.0006299228551935586,0.02228131652320367,0.11390962517155917,0.0
leadlag_DGS2_m3,360.0,0.0006147501303942975,0.05611825776240023,-0.12235680906402298,-0.0411584558123069,0.010735183280726625,0.028880834752967464,0.1348918203476722,0.0
leadlag_VIXCLS_p3,360.0,-0.02010947644892476,0.04683714011841463,-0.1469974208201566,-0.02940967021204415,-0.0054133843129681725,0.01167687480071888,0.04869210485544714,0.0
leadlag_CPIAUCSL_p3,360.0,0.0027252508215050565,0.07636879235833732,-0.1309236847633344,-0.0578650384129514,-0.008737778808994907,0.04296320107350544,0.19338561077487862,0.0
leadlag_CPIAUCSL_m3,360.0,0.0027252508215050565,0.07636879235833732,-0.1309236847633344,-0.0578650384129514,-0.008737778808994907,0.04296320107350544,0.19338561077487862,0.0
leadlag_T10Y2Y_m3,360.0,0.00906703530636441,0.07576658294838322,-0.1252094416252155,-0.0541361350132588,-0.010703989777903329,0.08142902367444174,0.16315281237306625,0.0
leadlag_DGS10_p3,360.0,0.0026780562473849006,0.042780117268504385,-0.08083422929713323,-0.030707531813750546,0.0006299228551935586,0.02228131652320367,0.11390962517155917,0.0
leadlag_T10Y2Y_p3,360.0,0.00906703530636441,0.07576658294838322,-0.1252094416252155,-0.0541361350132588,-0.010703989777903329,0.08142902367444174,0.16315281237306625,0.0
leadlag_DCOILWTICO_m3,360.0,0.010426174355789948,0.08233971267698488,-0.15815089873600774,-0.04640501183910822,-0.014956817348887243,0.08236820293102072,0.1791788525834858,0.0
leadlag_DTWEXBGS_p3,360.0,-0.05588982737108244,0.052919106859739794,-0.15144414954731827,-0.09944187472795699,-0.04996207486541824,-0.01632508979933555,0.07585298000843073,0.0
leadlag_DFII10_m3,360.0,-0.00677393299602861,0.05428860484004864,-0.11378275820740587,-0.04095049074886728,-0.009346992476631273,0.01978564501015551,0.13170659938230717,0.0
leadlag_DGS2_p3,360.0,0.0006147501303942975,0.05611825776240023,-0.12235680906402298,-0.0411584558123069,0.010735183280726625,0.028880834752967464,0.1348918203476722,0.0
leadlag_T10YIEM_p3,360.0,0.02488209554219895,0.07521624064456907,-0.1355108255111849,-0.02226255306759537,0.010525997006828686,0.10248349332690264,0.1635874882644397,0.0
leadlag_DCOILWTICO_p5,360.0,0.01498678364157222,0.0643859232879137,-0.16018196742908333,-0.020631190977143186,0.01724863928791274,0.05928800375275434,0.15538557814028212,0.0
leadlag_FEDFUNDS_p5,360.0,-0.010768278271855313,0.08735396825901434,-0.1672147720162414,-0.07732736155878346,-0.03274708344908091,0.04893196516487282,0.19620440413454027,0.0
leadlag_FEDFUNDS_m5,360.0,-0.010768278271855313,0.08735396825901434,-0.1672147720162414,-0.07732736155878346,-0.03274708344908091,0.04893196516487282,0.19620440413454027,0.0
leadlag_DGS10_m5,360.0,-0.00014838229067792863,0.048328563858051225,-0.08878543220161766,-0.037232954313498795,-0.009271077742132205,0.024010312719488384,0.13721328061959326,0.0
leadlag_DTWEXBGS_m5,360.0,-0.05528707624305497,0.05240163036770711,-0.15597707627632254,-0.09811453915899676,-0.04437396961822803,-0.013072754152920713,0.075010085404276,0.0
leadlag_DCOILWTICO_m5,360.0,0.01498678364157222,0.0643859232879137,-0.16018196742908333,-0.020631190977143186,0.01724863928791274,0.05928800375275434,0.15538557814028212,0.0
leadlag_CPIAUCSL_m5,360.0,0.004818259069475305,0.07774218672075117,-0.13530776880187903,-0.056009849057347766,-0.002044386655147146,0.04520970715563498,0.20017995079414005,0.0
leadlag_DTWEXBGS_p5,360.0,-0.05528707624305497,0.05240163036770711,-0.15597707627632254,-0.09811453915899676,-0.04437396961822803,-0.013072754152920713,0.075010085404276,0.0
leadlag_DFII10_p5,360.0,-0.012021256410617924,0.05849833430707035,-0.11595115048479515,-0.05271334750000713,-0.02048629359649183,0.017556229827361543,0.14974147121143117,0.0
leadlag_DGS2_p5,360.0,-0.0009342166223390858,0.05825968189302355,-0.1218704501734571,-0.04255108362495608,-0.0020135912264582444,0.0278169891257046,0.15394944556288762,0.0
leadlag_T10Y2Y_p5,360.0,0.005532856858505979,0.073004195519753,-0.13182984511445475,-0.05332127871266464,-0.010711964386128047,0.07425813239935013,0.15887603349182042,0.0
leadlag_CPIAUCSL_p5,360.0,0.004818259069475305,0.07774218672075117,-0.13530776880187903,-0.056009849057347766,-0.002044386655147146,0.04520970715563498,0.20017995079414005,0.0
leadlag_DGS2_m5,360.0,-0.0009342166223390858,0.05825968189302355,-0.1218704501734571,-0.04255108362495608,-0.0020135912264582444,0.0278169891257046,0.15394944556288762,0.0
leadlag_VIXCLS_m5,360.0,-0.021830379297963533,0.04437097922917144,-0.13637446303429357,-0.03969944384077751,-0.010285549320943612,0.011158862575430728,0.050697577685681186,0.0
leadlag_T10YIEM_p5,360.0,0.021431296079162835,0.09263742138151305,-0.14297900674236427,-0.044411845128689155,-0.00855536603938023,0.12432602163725287,0.18577087647810858,0.0
leadlag_VIXCLS_p5,360.0,-0.021830379297963533,0.04437097922917144,-0.13637446303429357,-0.03969944384077751,-0.010285549320943612,0.011158862575430728,0.050697577685681186,0.0
leadlag_T10Y2Y_m5,360.0,0.005532856858505979,0.073004195519753,-0.13182984511445475,-0.05332127871266464,-0.010711964386128047,0.07425813239935013,0.15887603349182042,0.0
leadlag_DGS10_p5,360.0,-0.00014838229067792863,0.048328563858051225,-0.08878543220161766,-0.037232954313498795,-0.009271077742132205,0.024010312719488384,0.13721328061959326,0.0
leadlag_DFII10_m5,360.0,-0.012021256410617924,0.05849833430707035,-0.11595115048479515,-0.05271334750000713,-0.02048629359649183,0.017556229827361543,0.14974147121143117,0.0
leadlag_T10YIEM_m5,360.0,0.021431296079162835,0.09263742138151305,-0.14297900674236427,-0.044411845128689155,-0.00855536603938023,0.12432602163725287,0.18577087647810858,0.0
